"Start time UTC,""End time UTC"",""Total production capacity used in the wind power forecast"""
"2024-03-01T23:00:00.000Z,""2024-03-02T00:00:00.000Z"",""7147.5"""
"2024-03-02T00:00:00.000Z,""2024-03-02T01:00:00.000Z"",""7147.5"""
"2024-03-02T01:00:00.000Z,""2024-03-02T02:00:00.000Z"",""7147.5"""
"2024-03-02T02:00:00.000Z,""2024-03-02T03:00:00.000Z"",""7147.5"""
"2024-03-02T03:00:00.000Z,""2024-03-02T04:00:00.000Z"",""7147.5"""
"2024-03-02T04:00:00.000Z,""2024-03-02T05:00:00.000Z"",""7147.5"""
"2024-03-02T05:00:00.000Z,""2024-03-02T06:00:00.000Z"",""7147.5"""
"2024-03-02T06:00:00.000Z,""2024-03-02T07:00:00.000Z"",""7147.5"""
"2024-03-02T07:00:00.000Z,""2024-03-02T08:00:00.000Z"",""7147.5"""
"2024-03-02T08:00:00.000Z,""2024-03-02T09:00:00.000Z"",""7147.5"""
"2024-03-02T09:00:00.000Z,""2024-03-02T10:00:00.000Z"",""7147.5"""
"2024-03-02T10:00:00.000Z,""2024-03-02T11:00:00.000Z"",""7147.5"""
"2024-03-02T11:00:00.000Z,""2024-03-02T12:00:00.000Z"",""7147.5"""
"2024-03-02T12:00:00.000Z,""2024-03-02T13:00:00.000Z"",""7147.5"""
"2024-03-02T13:00:00.000Z,""2024-03-02T14:00:00.000Z"",""7147.5"""
"2024-03-02T14:00:00.000Z,""2024-03-02T15:00:00.000Z"",""7147.5"""
"2024-03-02T15:00:00.000Z,""2024-03-02T16:00:00.000Z"",""7147.5"""
"2024-03-02T16:00:00.000Z,""2024-03-02T17:00:00.000Z"",""7147.5"""
"2024-03-02T17:00:00.000Z,""2024-03-02T18:00:00.000Z"",""7147.5"""
"2024-03-02T18:00:00.000Z,""2024-03-02T19:00:00.000Z"",""7147.5"""
"2024-03-02T19:00:00.000Z,""2024-03-02T20:00:00.000Z"",""7147.5"""
"2024-03-02T20:00:00.000Z,""2024-03-02T21:00:00.000Z"",""7147.5"""
"2024-03-02T21:00:00.000Z,""2024-03-02T22:00:00.000Z"",""7147.5"""
"2024-03-02T22:00:00.000Z,""2024-03-02T23:00:00.000Z"",""7147.5"""
"2024-03-02T23:00:00.000Z,""2024-03-03T00:00:00.000Z"",""7147.5"""
"2024-03-03T00:00:00.000Z,""2024-03-03T01:00:00.000Z"",""7147.5"""
"2024-03-03T01:00:00.000Z,""2024-03-03T02:00:00.000Z"",""7147.5"""
"2024-03-03T02:00:00.000Z,""2024-03-03T03:00:00.000Z"",""7147.5"""
"2024-03-03T03:00:00.000Z,""2024-03-03T04:00:00.000Z"",""7147.5"""
"2024-03-03T04:00:00.000Z,""2024-03-03T05:00:00.000Z"",""7147.5"""
"2024-03-03T05:00:00.000Z,""2024-03-03T06:00:00.000Z"",""7147.5"""
"2024-03-03T06:00:00.000Z,""2024-03-03T07:00:00.000Z"",""7147.5"""
"2024-03-03T07:00:00.000Z,""2024-03-03T08:00:00.000Z"",""7147.5"""
"2024-03-03T08:00:00.000Z,""2024-03-03T09:00:00.000Z"",""7147.5"""
"2024-03-03T09:00:00.000Z,""2024-03-03T10:00:00.000Z"",""7147.5"""
"2024-03-03T10:00:00.000Z,""2024-03-03T11:00:00.000Z"",""7147.5"""
"2024-03-03T11:00:00.000Z,""2024-03-03T12:00:00.000Z"",""7147.5"""
"2024-03-03T12:00:00.000Z,""2024-03-03T13:00:00.000Z"",""7147.5"""
"2024-03-03T13:00:00.000Z,""2024-03-03T14:00:00.000Z"",""7147.5"""
"2024-03-03T14:00:00.000Z,""2024-03-03T15:00:00.000Z"",""7147.5"""
"2024-03-03T15:00:00.000Z,""2024-03-03T16:00:00.000Z"",""7147.5"""
"2024-03-03T16:00:00.000Z,""2024-03-03T17:00:00.000Z"",""7147.5"""
"2024-03-03T17:00:00.000Z,""2024-03-03T18:00:00.000Z"",""7147.5"""
"2024-03-03T18:00:00.000Z,""2024-03-03T19:00:00.000Z"",""7147.5"""
"2024-03-03T19:00:00.000Z,""2024-03-03T20:00:00.000Z"",""7147.5"""
"2024-03-03T20:00:00.000Z,""2024-03-03T21:00:00.000Z"",""7147.5"""
"2024-03-03T21:00:00.000Z,""2024-03-03T22:00:00.000Z"",""7147.5"""
"2024-03-03T22:00:00.000Z,""2024-03-03T23:00:00.000Z"",""7147.5"""
"2024-03-03T23:00:00.000Z,""2024-03-04T00:00:00.000Z"",""7147.5"""
"2024-03-04T00:00:00.000Z,""2024-03-04T01:00:00.000Z"",""7147.5"""
"2024-03-04T01:00:00.000Z,""2024-03-04T02:00:00.000Z"",""7147.5"""
"2024-03-04T02:00:00.000Z,""2024-03-04T03:00:00.000Z"",""7147.5"""
"2024-03-04T03:00:00.000Z,""2024-03-04T04:00:00.000Z"",""7147.5"""
"2024-03-04T04:00:00.000Z,""2024-03-04T05:00:00.000Z"",""7147.5"""
"2024-03-04T05:00:00.000Z,""2024-03-04T06:00:00.000Z"",""7147.5"""
"2024-03-04T06:00:00.000Z,""2024-03-04T07:00:00.000Z"",""7147.5"""
"2024-03-04T07:00:00.000Z,""2024-03-04T08:00:00.000Z"",""7147.5"""
"2024-03-04T08:00:00.000Z,""2024-03-04T09:00:00.000Z"",""7147.5"""
"2024-03-04T09:00:00.000Z,""2024-03-04T10:00:00.000Z"",""7147.5"""
"2024-03-04T10:00:00.000Z,""2024-03-04T11:00:00.000Z"",""7147.5"""
"2024-03-04T11:00:00.000Z,""2024-03-04T12:00:00.000Z"",""7147.5"""
"2024-03-04T12:00:00.000Z,""2024-03-04T13:00:00.000Z"",""7147.5"""
"2024-03-04T13:00:00.000Z,""2024-03-04T14:00:00.000Z"",""7147.5"""
"2024-03-04T14:00:00.000Z,""2024-03-04T15:00:00.000Z"",""7147.5"""
"2024-03-04T15:00:00.000Z,""2024-03-04T16:00:00.000Z"",""7147.5"""
"2024-03-04T16:00:00.000Z,""2024-03-04T17:00:00.000Z"",""7147.5"""
"2024-03-04T17:00:00.000Z,""2024-03-04T18:00:00.000Z"",""7147.5"""
"2024-03-04T18:00:00.000Z,""2024-03-04T19:00:00.000Z"",""7147.5"""
"2024-03-04T19:00:00.000Z,""2024-03-04T20:00:00.000Z"",""7147.5"""
"2024-03-04T20:00:00.000Z,""2024-03-04T21:00:00.000Z"",""7147.5"""
"2024-03-04T21:00:00.000Z,""2024-03-04T22:00:00.000Z"",""7147.5"""
"2024-03-04T22:00:00.000Z,""2024-03-04T23:00:00.000Z"",""7147.5"""
"2024-03-04T23:00:00.000Z,""2024-03-05T00:00:00.000Z"",""7147.5"""
"2024-03-05T00:00:00.000Z,""2024-03-05T01:00:00.000Z"",""7147.5"""
"2024-03-05T01:00:00.000Z,""2024-03-05T02:00:00.000Z"",""7147.5"""
"2024-03-05T02:00:00.000Z,""2024-03-05T03:00:00.000Z"",""7147.5"""
"2024-03-05T03:00:00.000Z,""2024-03-05T04:00:00.000Z"",""7147.5"""
"2024-03-05T04:00:00.000Z,""2024-03-05T05:00:00.000Z"",""7147.5"""
"2024-03-05T05:00:00.000Z,""2024-03-05T06:00:00.000Z"",""7147.5"""
"2024-03-05T06:00:00.000Z,""2024-03-05T07:00:00.000Z"",""7147.5"""
"2024-03-05T07:00:00.000Z,""2024-03-05T08:00:00.000Z"",""7147.5"""
"2024-03-05T08:00:00.000Z,""2024-03-05T09:00:00.000Z"",""7147.5"""
"2024-03-05T09:00:00.000Z,""2024-03-05T10:00:00.000Z"",""7147.5"""
"2024-03-05T10:00:00.000Z,""2024-03-05T11:00:00.000Z"",""7147.5"""
"2024-03-05T11:00:00.000Z,""2024-03-05T12:00:00.000Z"",""7147.5"""
"2024-03-12T08:00:00.000Z,""2024-03-12T09:00:00.000Z"",""7147.7"""
"2024-03-12T09:00:00.000Z,""2024-03-12T10:00:00.000Z"",""7147.7"""
"2024-03-12T10:00:00.000Z,""2024-03-12T11:00:00.000Z"",""7147.7"""
"2024-03-12T11:00:00.000Z,""2024-03-12T12:00:00.000Z"",""7147.7"""
"2024-03-12T12:00:00.000Z,""2024-03-12T13:00:00.000Z"",""7147.7"""
"2024-03-12T13:00:00.000Z,""2024-03-12T14:00:00.000Z"",""7147.7"""
"2024-03-12T14:00:00.000Z,""2024-03-12T15:00:00.000Z"",""7147.7"""
"2024-03-12T15:00:00.000Z,""2024-03-12T16:00:00.000Z"",""7147.7"""
"2024-03-12T16:00:00.000Z,""2024-03-12T17:00:00.000Z"",""7147.7"""
"2024-03-12T17:00:00.000Z,""2024-03-12T18:00:00.000Z"",""7147.7"""
"2024-03-12T18:00:00.000Z,""2024-03-12T19:00:00.000Z"",""7147.7"""
"2024-03-12T19:00:00.000Z,""2024-03-12T20:00:00.000Z"",""7147.7"""
"2024-03-12T20:00:00.000Z,""2024-03-12T21:00:00.000Z"",""7147.7"""
"2024-03-12T21:00:00.000Z,""2024-03-12T22:00:00.000Z"",""7147.7"""
"2024-03-12T22:00:00.000Z,""2024-03-12T23:00:00.000Z"",""7147.7"""
"2024-03-12T23:00:00.000Z,""2024-03-13T00:00:00.000Z"",""7147.7"""
"2024-03-13T00:00:00.000Z,""2024-03-13T01:00:00.000Z"",""7147.7"""
"2024-03-13T01:00:00.000Z,""2024-03-13T02:00:00.000Z"",""7147.7"""
"2024-03-13T02:00:00.000Z,""2024-03-13T03:00:00.000Z"",""7147.7"""
"2024-03-13T03:00:00.000Z,""2024-03-13T04:00:00.000Z"",""7147.7"""
"2024-03-13T04:00:00.000Z,""2024-03-13T05:00:00.000Z"",""7147.7"""
"2024-03-13T05:00:00.000Z,""2024-03-13T06:00:00.000Z"",""7147.7"""
"2024-03-13T06:00:00.000Z,""2024-03-13T07:00:00.000Z"",""7147.7"""
"2024-03-13T07:00:00.000Z,""2024-03-13T08:00:00.000Z"",""7147.7"""
"2024-03-13T08:00:00.000Z,""2024-03-13T09:00:00.000Z"",""7147.7"""
"2024-03-13T09:00:00.000Z,""2024-03-13T10:00:00.000Z"",""7147.7"""
"2024-03-13T10:00:00.000Z,""2024-03-13T11:00:00.000Z"",""7147.7"""
"2024-03-13T11:00:00.000Z,""2024-03-13T12:00:00.000Z"",""7147.7"""
"2024-03-13T12:00:00.000Z,""2024-03-13T13:00:00.000Z"",""7147.7"""
"2024-03-13T13:00:00.000Z,""2024-03-13T14:00:00.000Z"",""7147.7"""
"2024-03-13T14:00:00.000Z,""2024-03-13T15:00:00.000Z"",""7147.7"""
"2024-03-13T15:00:00.000Z,""2024-03-13T16:00:00.000Z"",""7147.7"""
"2024-03-13T16:00:00.000Z,""2024-03-13T17:00:00.000Z"",""7147.7"""
"2024-03-13T17:00:00.000Z,""2024-03-13T18:00:00.000Z"",""7147.7"""
"2024-03-13T18:00:00.000Z,""2024-03-13T19:00:00.000Z"",""7147.7"""
"2024-03-13T19:00:00.000Z,""2024-03-13T20:00:00.000Z"",""7147.7"""
"2024-03-13T20:00:00.000Z,""2024-03-13T21:00:00.000Z"",""7147.7"""
"2024-03-13T21:00:00.000Z,""2024-03-13T22:00:00.000Z"",""7147.7"""
"2024-03-13T22:00:00.000Z,""2024-03-13T23:00:00.000Z"",""7147.7"""
"2024-03-13T23:00:00.000Z,""2024-03-14T00:00:00.000Z"",""7147.7"""
"2024-03-14T00:00:00.000Z,""2024-03-14T01:00:00.000Z"",""7147.7"""
"2024-03-14T01:00:00.000Z,""2024-03-14T02:00:00.000Z"",""7147.7"""
"2024-03-14T02:00:00.000Z,""2024-03-14T03:00:00.000Z"",""7147.7"""
"2024-03-14T03:00:00.000Z,""2024-03-14T04:00:00.000Z"",""7147.7"""
"2024-03-14T04:00:00.000Z,""2024-03-14T05:00:00.000Z"",""7147.7"""
"2024-03-14T05:00:00.000Z,""2024-03-14T06:00:00.000Z"",""7147.7"""
"2024-03-14T06:00:00.000Z,""2024-03-14T07:00:00.000Z"",""7147.7"""
"2024-03-14T07:00:00.000Z,""2024-03-14T08:00:00.000Z"",""7147.7"""
"2024-03-14T08:00:00.000Z,""2024-03-14T09:00:00.000Z"",""7147.7"""
"2024-03-14T09:00:00.000Z,""2024-03-14T10:00:00.000Z"",""7147.7"""
"2024-03-14T10:00:00.000Z,""2024-03-14T11:00:00.000Z"",""7147.7"""
"2024-03-19T10:00:00.000Z,""2024-03-19T11:00:00.000Z"",""7147.7"""
"2024-03-19T11:00:00.000Z,""2024-03-19T12:00:00.000Z"",""7147.7"""
"2024-03-19T12:00:00.000Z,""2024-03-19T13:00:00.000Z"",""7147.7"""
"2024-03-19T13:00:00.000Z,""2024-03-19T14:00:00.000Z"",""7147.7"""
"2024-03-19T14:00:00.000Z,""2024-03-19T15:00:00.000Z"",""7147.7"""
"2024-03-19T15:00:00.000Z,""2024-03-19T16:00:00.000Z"",""7147.7"""
"2024-03-19T16:00:00.000Z,""2024-03-19T17:00:00.000Z"",""7147.7"""
"2024-03-19T17:00:00.000Z,""2024-03-19T18:00:00.000Z"",""7147.7"""
"2024-03-19T18:00:00.000Z,""2024-03-19T19:00:00.000Z"",""7147.7"""
"2024-03-19T19:00:00.000Z,""2024-03-19T20:00:00.000Z"",""7147.7"""
"2024-03-19T20:00:00.000Z,""2024-03-19T21:00:00.000Z"",""7147.7"""
"2024-03-19T21:00:00.000Z,""2024-03-19T22:00:00.000Z"",""7147.7"""
"2024-03-19T22:00:00.000Z,""2024-03-19T23:00:00.000Z"",""7147.7"""
"2024-03-19T23:00:00.000Z,""2024-03-20T00:00:00.000Z"",""7147.7"""
"2024-03-20T00:00:00.000Z,""2024-03-20T01:00:00.000Z"",""7147.7"""
"2024-03-20T01:00:00.000Z,""2024-03-20T02:00:00.000Z"",""7147.7"""
"2024-03-20T02:00:00.000Z,""2024-03-20T03:00:00.000Z"",""7147.7"""
"2024-03-20T03:00:00.000Z,""2024-03-20T04:00:00.000Z"",""7147.7"""
"2024-03-20T04:00:00.000Z,""2024-03-20T05:00:00.000Z"",""7147.7"""
"2024-03-20T05:00:00.000Z,""2024-03-20T06:00:00.000Z"",""7147.7"""
"2024-03-20T06:00:00.000Z,""2024-03-20T07:00:00.000Z"",""7147.7"""
"2024-03-20T07:00:00.000Z,""2024-03-20T08:00:00.000Z"",""7147.7"""
"2024-03-20T08:00:00.000Z,""2024-03-20T09:00:00.000Z"",""7147.7"""
"2024-03-20T09:00:00.000Z,""2024-03-20T10:00:00.000Z"",""7147.7"""
"2024-03-20T10:00:00.000Z,""2024-03-20T11:00:00.000Z"",""7147.7"""
"2024-03-20T11:00:00.000Z,""2024-03-20T12:00:00.000Z"",""7147.7"""
"2024-03-20T12:00:00.000Z,""2024-03-20T13:00:00.000Z"",""7147.7"""
"2024-03-20T13:00:00.000Z,""2024-03-20T14:00:00.000Z"",""7147.7"""
"2024-03-20T14:00:00.000Z,""2024-03-20T15:00:00.000Z"",""7147.7"""
"2024-03-20T15:00:00.000Z,""2024-03-20T16:00:00.000Z"",""7147.7"""
"2024-03-20T16:00:00.000Z,""2024-03-20T17:00:00.000Z"",""7147.7"""
"2024-03-20T17:00:00.000Z,""2024-03-20T18:00:00.000Z"",""7147.7"""
"2024-03-20T18:00:00.000Z,""2024-03-20T19:00:00.000Z"",""7147.7"""
"2024-03-20T19:00:00.000Z,""2024-03-20T20:00:00.000Z"",""7147.7"""
"2024-03-20T20:00:00.000Z,""2024-03-20T21:00:00.000Z"",""7147.7"""
"2024-03-20T21:00:00.000Z,""2024-03-20T22:00:00.000Z"",""7147.7"""
"2024-03-20T22:00:00.000Z,""2024-03-20T23:00:00.000Z"",""7147.7"""
"2024-03-20T23:00:00.000Z,""2024-03-21T00:00:00.000Z"",""7147.7"""
"2024-03-21T00:00:00.000Z,""2024-03-21T01:00:00.000Z"",""7147.7"""
"2024-03-21T01:00:00.000Z,""2024-03-21T02:00:00.000Z"",""7147.7"""
"2024-03-21T02:00:00.000Z,""2024-03-21T03:00:00.000Z"",""7147.7"""
"2024-03-21T03:00:00.000Z,""2024-03-21T04:00:00.000Z"",""7147.7"""
"2024-03-21T04:00:00.000Z,""2024-03-21T05:00:00.000Z"",""7147.7"""
"2024-03-21T05:00:00.000Z,""2024-03-21T06:00:00.000Z"",""7147.7"""
"2024-03-21T06:00:00.000Z,""2024-03-21T07:00:00.000Z"",""7147.7"""
"2024-03-21T07:00:00.000Z,""2024-03-21T08:00:00.000Z"",""7147.7"""
"2024-03-21T08:00:00.000Z,""2024-03-21T09:00:00.000Z"",""7147.7"""
"2024-03-21T09:00:00.000Z,""2024-03-21T10:00:00.000Z"",""7147.7"""
"2024-03-21T10:00:00.000Z,""2024-03-21T11:00:00.000Z"",""7147.7"""
"2024-03-21T11:00:00.000Z,""2024-03-21T12:00:00.000Z"",""7147.7"""
"2024-03-21T12:00:00.000Z,""2024-03-21T13:00:00.000Z"",""7147.7"""
"2024-03-21T13:00:00.000Z,""2024-03-21T14:00:00.000Z"",""7147.7"""
"2024-03-21T14:00:00.000Z,""2024-03-21T15:00:00.000Z"",""7147.7"""
"2024-03-21T15:00:00.000Z,""2024-03-21T16:00:00.000Z"",""7147.7"""
"2024-03-21T16:00:00.000Z,""2024-03-21T17:00:00.000Z"",""7147.7"""
"2024-03-21T17:00:00.000Z,""2024-03-21T18:00:00.000Z"",""7147.7"""
"2024-03-21T18:00:00.000Z,""2024-03-21T19:00:00.000Z"",""7147.7"""
"2024-03-21T19:00:00.000Z,""2024-03-21T20:00:00.000Z"",""7147.7"""
"2024-03-21T20:00:00.000Z,""2024-03-21T21:00:00.000Z"",""7147.7"""
"2024-03-21T21:00:00.000Z,""2024-03-21T22:00:00.000Z"",""7147.7"""
"2024-03-21T22:00:00.000Z,""2024-03-21T23:00:00.000Z"",""7147.7"""
"2024-03-21T23:00:00.000Z,""2024-03-22T00:00:00.000Z"",""7147.7"""
"2024-03-22T00:00:00.000Z,""2024-03-22T01:00:00.000Z"",""7147.7"""
"2024-03-22T01:00:00.000Z,""2024-03-22T02:00:00.000Z"",""7147.7"""
"2024-03-22T02:00:00.000Z,""2024-03-22T03:00:00.000Z"",""7147.7"""
"2024-03-22T03:00:00.000Z,""2024-03-22T04:00:00.000Z"",""7147.7"""
"2024-03-22T04:00:00.000Z,""2024-03-22T05:00:00.000Z"",""7147.7"""
"2024-03-22T05:00:00.000Z,""2024-03-22T06:00:00.000Z"",""7147.7"""
"2024-03-22T06:00:00.000Z,""2024-03-22T07:00:00.000Z"",""7147.7"""
"2024-03-22T07:00:00.000Z,""2024-03-22T08:00:00.000Z"",""7147.7"""
"2024-03-22T08:00:00.000Z,""2024-03-22T09:00:00.000Z"",""7147.7"""
"2024-03-22T09:00:00.000Z,""2024-03-22T10:00:00.000Z"",""7147.7"""
"2024-03-22T10:00:00.000Z,""2024-03-22T11:00:00.000Z"",""7147.7"""
"2024-03-22T11:00:00.000Z,""2024-03-22T12:00:00.000Z"",""7147.7"""
"2024-03-22T12:00:00.000Z,""2024-03-22T13:00:00.000Z"",""7147.7"""
"2024-03-22T13:00:00.000Z,""2024-03-22T14:00:00.000Z"",""7147.7"""
"2024-03-22T14:00:00.000Z,""2024-03-22T15:00:00.000Z"",""7147.7"""
"2024-03-22T15:00:00.000Z,""2024-03-22T16:00:00.000Z"",""7147.7"""
"2024-03-22T16:00:00.000Z,""2024-03-22T17:00:00.000Z"",""7147.7"""
"2024-03-22T17:00:00.000Z,""2024-03-22T18:00:00.000Z"",""7147.7"""
"2024-03-22T18:00:00.000Z,""2024-03-22T19:00:00.000Z"",""7147.7"""
"2024-03-22T19:00:00.000Z,""2024-03-22T20:00:00.000Z"",""7147.7"""
"2024-03-22T20:00:00.000Z,""2024-03-22T21:00:00.000Z"",""7147.7"""
"2024-03-22T21:00:00.000Z,""2024-03-22T22:00:00.000Z"",""7147.7"""
"2024-03-22T22:00:00.000Z,""2024-03-22T23:00:00.000Z"",""7147.7"""
"2024-03-22T23:00:00.000Z,""2024-03-23T00:00:00.000Z"",""7147.7"""
"2024-03-23T00:00:00.000Z,""2024-03-23T01:00:00.000Z"",""7147.7"""
"2024-03-23T01:00:00.000Z,""2024-03-23T02:00:00.000Z"",""7147.7"""
"2024-03-23T02:00:00.000Z,""2024-03-23T03:00:00.000Z"",""7147.7"""
"2024-03-23T03:00:00.000Z,""2024-03-23T04:00:00.000Z"",""7147.7"""
"2024-03-23T04:00:00.000Z,""2024-03-23T05:00:00.000Z"",""7147.7"""
"2024-03-23T05:00:00.000Z,""2024-03-23T06:00:00.000Z"",""7147.7"""
"2024-03-23T06:00:00.000Z,""2024-03-23T07:00:00.000Z"",""7147.7"""
"2024-03-23T07:00:00.000Z,""2024-03-23T08:00:00.000Z"",""7147.7"""
"2024-03-23T08:00:00.000Z,""2024-03-23T09:00:00.000Z"",""7147.7"""
"2024-03-23T09:00:00.000Z,""2024-03-23T10:00:00.000Z"",""7147.7"""
"2024-03-23T10:00:00.000Z,""2024-03-23T11:00:00.000Z"",""7147.7"""
"2024-03-23T11:00:00.000Z,""2024-03-23T12:00:00.000Z"",""7147.7"""
"2024-03-23T12:00:00.000Z,""2024-03-23T13:00:00.000Z"",""7147.7"""
"2024-03-23T13:00:00.000Z,""2024-03-23T14:00:00.000Z"",""7147.7"""
"2024-03-23T14:00:00.000Z,""2024-03-23T15:00:00.000Z"",""7147.7"""
"2024-03-23T15:00:00.000Z,""2024-03-23T16:00:00.000Z"",""7147.7"""
"2024-03-23T16:00:00.000Z,""2024-03-23T17:00:00.000Z"",""7147.7"""
"2024-03-23T17:00:00.000Z,""2024-03-23T18:00:00.000Z"",""7147.7"""
"2024-03-23T18:00:00.000Z,""2024-03-23T19:00:00.000Z"",""7147.7"""
"2024-03-23T19:00:00.000Z,""2024-03-23T20:00:00.000Z"",""7147.7"""
"2024-03-23T20:00:00.000Z,""2024-03-23T21:00:00.000Z"",""7147.7"""
"2024-03-23T21:00:00.000Z,""2024-03-23T22:00:00.000Z"",""7147.7"""
"2024-03-23T22:00:00.000Z,""2024-03-23T23:00:00.000Z"",""7147.7"""
"2024-03-23T23:00:00.000Z,""2024-03-24T00:00:00.000Z"",""7147.7"""
"2024-03-24T00:00:00.000Z,""2024-03-24T01:00:00.000Z"",""7147.7"""
"2024-03-24T01:00:00.000Z,""2024-03-24T02:00:00.000Z"",""7147.7"""
"2024-03-24T02:00:00.000Z,""2024-03-24T03:00:00.000Z"",""7147.7"""
"2024-03-24T03:00:00.000Z,""2024-03-24T04:00:00.000Z"",""7147.7"""
"2024-03-24T04:00:00.000Z,""2024-03-24T05:00:00.000Z"",""7147.7"""
"2024-03-24T05:00:00.000Z,""2024-03-24T06:00:00.000Z"",""7147.7"""
"2024-03-24T06:00:00.000Z,""2024-03-24T07:00:00.000Z"",""7147.7"""
"2024-03-24T07:00:00.000Z,""2024-03-24T08:00:00.000Z"",""7147.7"""
"2024-03-24T08:00:00.000Z,""2024-03-24T09:00:00.000Z"",""7147.7"""
"2024-03-24T09:00:00.000Z,""2024-03-24T10:00:00.000Z"",""7147.7"""
"2024-03-24T10:00:00.000Z,""2024-03-24T11:00:00.000Z"",""7147.7"""
"2024-03-24T11:00:00.000Z,""2024-03-24T12:00:00.000Z"",""7147.7"""
"2024-03-24T12:00:00.000Z,""2024-03-24T13:00:00.000Z"",""7147.7"""
"2024-03-24T13:00:00.000Z,""2024-03-24T14:00:00.000Z"",""7147.7"""
"2024-03-24T14:00:00.000Z,""2024-03-24T15:00:00.000Z"",""7147.7"""
"2024-03-24T15:00:00.000Z,""2024-03-24T16:00:00.000Z"",""7147.7"""
"2024-03-24T16:00:00.000Z,""2024-03-24T17:00:00.000Z"",""7147.7"""
"2024-03-24T17:00:00.000Z,""2024-03-24T18:00:00.000Z"",""7147.7"""
"2024-03-24T18:00:00.000Z,""2024-03-24T19:00:00.000Z"",""7147.7"""
"2024-03-24T19:00:00.000Z,""2024-03-24T20:00:00.000Z"",""7147.7"""
"2024-03-24T20:00:00.000Z,""2024-03-24T21:00:00.000Z"",""7147.7"""
"2024-03-24T21:00:00.000Z,""2024-03-24T22:00:00.000Z"",""7147.7"""
"2024-03-24T22:00:00.000Z,""2024-03-24T23:00:00.000Z"",""7147.7"""
"2024-03-24T23:00:00.000Z,""2024-03-25T00:00:00.000Z"",""7147.7"""
"2024-03-25T00:00:00.000Z,""2024-03-25T01:00:00.000Z"",""7147.7"""
"2024-03-25T01:00:00.000Z,""2024-03-25T02:00:00.000Z"",""7147.7"""
"2024-03-25T02:00:00.000Z,""2024-03-25T03:00:00.000Z"",""7147.7"""
"2024-03-25T03:00:00.000Z,""2024-03-25T04:00:00.000Z"",""7147.7"""
"2024-03-25T04:00:00.000Z,""2024-03-25T05:00:00.000Z"",""7147.7"""
"2024-03-25T05:00:00.000Z,""2024-03-25T06:00:00.000Z"",""7147.7"""
"2024-03-25T06:00:00.000Z,""2024-03-25T07:00:00.000Z"",""7147.7"""
"2024-03-25T07:00:00.000Z,""2024-03-25T08:00:00.000Z"",""7147.7"""
"2024-03-25T08:00:00.000Z,""2024-03-25T09:00:00.000Z"",""7147.7"""
"2024-03-25T09:00:00.000Z,""2024-03-25T10:00:00.000Z"",""7147.7"""
"2024-03-25T10:00:00.000Z,""2024-03-25T11:00:00.000Z"",""7147.7"""
"2024-03-25T11:00:00.000Z,""2024-03-25T12:00:00.000Z"",""7147.7"""
"2024-03-25T12:00:00.000Z,""2024-03-25T13:00:00.000Z"",""7147.7"""
"2024-03-25T13:00:00.000Z,""2024-03-25T14:00:00.000Z"",""7147.7"""
"2024-03-25T14:00:00.000Z,""2024-03-25T15:00:00.000Z"",""7147.7"""
"2024-03-25T15:00:00.000Z,""2024-03-25T16:00:00.000Z"",""7147.7"""
"2024-03-25T16:00:00.000Z,""2024-03-25T17:00:00.000Z"",""7147.7"""
"2024-03-25T17:00:00.000Z,""2024-03-25T18:00:00.000Z"",""7147.7"""
"2024-03-25T18:00:00.000Z,""2024-03-25T19:00:00.000Z"",""7147.7"""
"2024-03-25T19:00:00.000Z,""2024-03-25T20:00:00.000Z"",""7147.7"""
"2024-03-25T20:00:00.000Z,""2024-03-25T21:00:00.000Z"",""7147.7"""
"2024-03-25T21:00:00.000Z,""2024-03-25T22:00:00.000Z"",""7147.7"""
"2024-03-25T22:00:00.000Z,""2024-03-25T23:00:00.000Z"",""7147.7"""
"2024-03-25T23:00:00.000Z,""2024-03-26T00:00:00.000Z"",""7147.7"""
"2024-03-26T00:00:00.000Z,""2024-03-26T01:00:00.000Z"",""7147.7"""
"2024-03-26T01:00:00.000Z,""2024-03-26T02:00:00.000Z"",""7147.7"""
"2024-03-26T02:00:00.000Z,""2024-03-26T03:00:00.000Z"",""7147.7"""
"2024-03-26T03:00:00.000Z,""2024-03-26T04:00:00.000Z"",""7147.7"""
"2024-03-26T04:00:00.000Z,""2024-03-26T05:00:00.000Z"",""7147.7"""
"2024-03-26T05:00:00.000Z,""2024-03-26T06:00:00.000Z"",""7147.7"""
"2024-03-26T06:00:00.000Z,""2024-03-26T07:00:00.000Z"",""7147.7"""
"2024-03-26T07:00:00.000Z,""2024-03-26T08:00:00.000Z"",""7147.7"""
"2024-03-26T08:00:00.000Z,""2024-03-26T09:00:00.000Z"",""7147.7"""
"2024-03-26T09:00:00.000Z,""2024-03-26T10:00:00.000Z"",""7147.7"""
"2024-03-26T10:00:00.000Z,""2024-03-26T11:00:00.000Z"",""7147.7"""
"2024-03-26T11:00:00.000Z,""2024-03-26T12:00:00.000Z"",""7147.7"""
"2024-03-26T12:00:00.000Z,""2024-03-26T13:00:00.000Z"",""7147.7"""
"2024-03-26T13:00:00.000Z,""2024-03-26T14:00:00.000Z"",""7147.7"""
"2024-03-26T14:00:00.000Z,""2024-03-26T15:00:00.000Z"",""7147.7"""
"2024-03-26T15:00:00.000Z,""2024-03-26T16:00:00.000Z"",""7147.7"""
"2024-03-26T16:00:00.000Z,""2024-03-26T17:00:00.000Z"",""7147.7"""
"2024-03-26T17:00:00.000Z,""2024-03-26T18:00:00.000Z"",""7147.7"""
"2024-03-26T18:00:00.000Z,""2024-03-26T19:00:00.000Z"",""7147.7"""
"2024-03-26T19:00:00.000Z,""2024-03-26T20:00:00.000Z"",""7147.7"""
"2024-03-26T20:00:00.000Z,""2024-03-26T21:00:00.000Z"",""7147.7"""
"2024-03-26T21:00:00.000Z,""2024-03-26T22:00:00.000Z"",""7147.7"""
"2024-03-26T22:00:00.000Z,""2024-03-26T23:00:00.000Z"",""7147.7"""
"2024-03-26T23:00:00.000Z,""2024-03-27T00:00:00.000Z"",""7147.7"""
"2024-03-27T00:00:00.000Z,""2024-03-27T01:00:00.000Z"",""7147.7"""
"2024-03-27T01:00:00.000Z,""2024-03-27T02:00:00.000Z"",""7147.7"""
"2024-03-27T02:00:00.000Z,""2024-03-27T03:00:00.000Z"",""7147.7"""
"2024-03-27T03:00:00.000Z,""2024-03-27T04:00:00.000Z"",""7147.7"""
"2024-03-27T04:00:00.000Z,""2024-03-27T05:00:00.000Z"",""7147.7"""
"2024-03-27T05:00:00.000Z,""2024-03-27T06:00:00.000Z"",""7147.7"""
"2024-03-27T06:00:00.000Z,""2024-03-27T07:00:00.000Z"",""7147.7"""
"2024-03-27T07:00:00.000Z,""2024-03-27T08:00:00.000Z"",""7147.7"""
"2024-03-27T08:00:00.000Z,""2024-03-27T09:00:00.000Z"",""7147.7"""
"2024-03-27T09:00:00.000Z,""2024-03-27T10:00:00.000Z"",""7147.7"""
"2024-03-27T10:00:00.000Z,""2024-03-27T11:00:00.000Z"",""7147.7"""
"2024-03-27T11:00:00.000Z,""2024-03-27T12:00:00.000Z"",""7147.7"""
"2024-03-27T12:00:00.000Z,""2024-03-27T13:00:00.000Z"",""7147.7"""
"2024-03-27T13:00:00.000Z,""2024-03-27T14:00:00.000Z"",""7147.7"""
"2024-03-27T14:00:00.000Z,""2024-03-27T15:00:00.000Z"",""7147.7"""
"2024-03-27T15:00:00.000Z,""2024-03-27T16:00:00.000Z"",""7147.7"""
"2024-03-27T16:00:00.000Z,""2024-03-27T17:00:00.000Z"",""7147.7"""
"2024-03-27T17:00:00.000Z,""2024-03-27T18:00:00.000Z"",""7147.7"""
"2024-03-27T18:00:00.000Z,""2024-03-27T19:00:00.000Z"",""7147.7"""
"2024-03-27T19:00:00.000Z,""2024-03-27T20:00:00.000Z"",""7147.7"""
"2024-03-27T20:00:00.000Z,""2024-03-27T21:00:00.000Z"",""7147.7"""
"2024-03-27T21:00:00.000Z,""2024-03-27T22:00:00.000Z"",""7147.7"""
"2024-03-27T22:00:00.000Z,""2024-03-27T23:00:00.000Z"",""7147.7"""
"2024-03-27T23:00:00.000Z,""2024-03-28T00:00:00.000Z"",""7147.7"""
"2024-03-28T00:00:00.000Z,""2024-03-28T01:00:00.000Z"",""7147.7"""
"2024-03-28T01:00:00.000Z,""2024-03-28T02:00:00.000Z"",""7147.7"""
"2024-03-28T02:00:00.000Z,""2024-03-28T03:00:00.000Z"",""7147.7"""
"2024-03-28T03:00:00.000Z,""2024-03-28T04:00:00.000Z"",""7147.7"""
"2024-03-28T04:00:00.000Z,""2024-03-28T05:00:00.000Z"",""7147.7"""
"2024-03-28T05:00:00.000Z,""2024-03-28T06:00:00.000Z"",""7147.7"""
"2024-03-28T06:00:00.000Z,""2024-03-28T07:00:00.000Z"",""7147.7"""
"2024-03-28T07:00:00.000Z,""2024-03-28T08:00:00.000Z"",""7147.7"""
"2024-03-28T08:00:00.000Z,""2024-03-28T09:00:00.000Z"",""7147.7"""
"2024-03-28T09:00:00.000Z,""2024-03-28T10:00:00.000Z"",""7147.7"""
"2024-03-28T10:00:00.000Z,""2024-03-28T11:00:00.000Z"",""7147.7"""
"2024-03-28T11:00:00.000Z,""2024-03-28T12:00:00.000Z"",""7147.7"""
"2024-03-28T12:00:00.000Z,""2024-03-28T13:00:00.000Z"",""7147.7"""
"2024-03-28T13:00:00.000Z,""2024-03-28T14:00:00.000Z"",""7147.7"""
"2024-03-28T14:00:00.000Z,""2024-03-28T15:00:00.000Z"",""7147.7"""
"2024-03-28T15:00:00.000Z,""2024-03-28T16:00:00.000Z"",""7147.7"""
"2024-03-28T16:00:00.000Z,""2024-03-28T17:00:00.000Z"",""7147.7"""
"2024-03-28T17:00:00.000Z,""2024-03-28T18:00:00.000Z"",""7147.7"""
"2024-03-28T18:00:00.000Z,""2024-03-28T19:00:00.000Z"",""7147.7"""
"2024-03-28T19:00:00.000Z,""2024-03-28T20:00:00.000Z"",""7147.7"""
"2024-03-28T20:00:00.000Z,""2024-03-28T21:00:00.000Z"",""7147.7"""
"2024-03-28T21:00:00.000Z,""2024-03-28T22:00:00.000Z"",""7147.7"""
"2024-03-28T22:00:00.000Z,""2024-03-28T23:00:00.000Z"",""7147.7"""
"2024-03-28T23:00:00.000Z,""2024-03-29T00:00:00.000Z"",""7147.7"""
"2024-03-29T00:00:00.000Z,""2024-03-29T01:00:00.000Z"",""7147.7"""
"2024-03-29T01:00:00.000Z,""2024-03-29T02:00:00.000Z"",""7147.7"""
"2024-03-29T02:00:00.000Z,""2024-03-29T03:00:00.000Z"",""7147.7"""
"2024-03-29T03:00:00.000Z,""2024-03-29T04:00:00.000Z"",""7147.7"""
"2024-03-29T04:00:00.000Z,""2024-03-29T05:00:00.000Z"",""7147.7"""
"2024-03-29T05:00:00.000Z,""2024-03-29T06:00:00.000Z"",""7147.7"""
"2024-03-29T06:00:00.000Z,""2024-03-29T07:00:00.000Z"",""7147.7"""
"2024-03-29T07:00:00.000Z,""2024-03-29T08:00:00.000Z"",""7147.7"""
"2024-03-29T08:00:00.000Z,""2024-03-29T09:00:00.000Z"",""7147.7"""
"2024-03-29T09:00:00.000Z,""2024-03-29T10:00:00.000Z"",""7147.7"""
"2024-03-29T10:00:00.000Z,""2024-03-29T11:00:00.000Z"",""7147.7"""
"2024-03-29T11:00:00.000Z,""2024-03-29T12:00:00.000Z"",""7147.7"""
"2024-03-29T12:00:00.000Z,""2024-03-29T13:00:00.000Z"",""7147.7"""
"2024-03-29T13:00:00.000Z,""2024-03-29T14:00:00.000Z"",""7147.7"""
"2024-03-29T14:00:00.000Z,""2024-03-29T15:00:00.000Z"",""7147.7"""
"2024-03-29T15:00:00.000Z,""2024-03-29T16:00:00.000Z"",""7147.7"""
"2024-03-29T16:00:00.000Z,""2024-03-29T17:00:00.000Z"",""7147.7"""
"2024-03-29T17:00:00.000Z,""2024-03-29T18:00:00.000Z"",""7147.7"""
"2024-03-29T18:00:00.000Z,""2024-03-29T19:00:00.000Z"",""7147.7"""
"2024-03-29T19:00:00.000Z,""2024-03-29T20:00:00.000Z"",""7147.7"""
"2024-03-29T20:00:00.000Z,""2024-03-29T21:00:00.000Z"",""7147.7"""
"2024-03-29T21:00:00.000Z,""2024-03-29T22:00:00.000Z"",""7147.7"""
"2024-03-29T22:00:00.000Z,""2024-03-29T23:00:00.000Z"",""7147.7"""
"2024-03-29T23:00:00.000Z,""2024-03-30T00:00:00.000Z"",""7147.7"""
"2024-03-30T00:00:00.000Z,""2024-03-30T01:00:00.000Z"",""7147.7"""
"2024-03-30T01:00:00.000Z,""2024-03-30T02:00:00.000Z"",""7147.7"""
"2024-03-30T02:00:00.000Z,""2024-03-30T03:00:00.000Z"",""7147.7"""
"2024-03-30T03:00:00.000Z,""2024-03-30T04:00:00.000Z"",""7147.7"""
"2024-03-30T04:00:00.000Z,""2024-03-30T05:00:00.000Z"",""7147.7"""
"2024-03-30T05:00:00.000Z,""2024-03-30T06:00:00.000Z"",""7147.7"""
"2024-03-30T06:00:00.000Z,""2024-03-30T07:00:00.000Z"",""7147.7"""
"2024-03-30T07:00:00.000Z,""2024-03-30T08:00:00.000Z"",""7147.7"""
"2024-03-30T08:00:00.000Z,""2024-03-30T09:00:00.000Z"",""7147.7"""
"2024-03-30T09:00:00.000Z,""2024-03-30T10:00:00.000Z"",""7147.7"""
"2024-03-30T10:00:00.000Z,""2024-03-30T11:00:00.000Z"",""7147.7"""
"2024-03-30T11:00:00.000Z,""2024-03-30T12:00:00.000Z"",""7147.7"""
"2024-03-30T12:00:00.000Z,""2024-03-30T13:00:00.000Z"",""7147.7"""
"2024-03-30T13:00:00.000Z,""2024-03-30T14:00:00.000Z"",""7147.7"""
"2024-03-30T14:00:00.000Z,""2024-03-30T15:00:00.000Z"",""7147.7"""
"2024-03-30T15:00:00.000Z,""2024-03-30T16:00:00.000Z"",""7147.7"""
"2024-03-30T16:00:00.000Z,""2024-03-30T17:00:00.000Z"",""7147.7"""
"2024-03-30T17:00:00.000Z,""2024-03-30T18:00:00.000Z"",""7147.7"""
"2024-03-30T18:00:00.000Z,""2024-03-30T19:00:00.000Z"",""7147.7"""
"2024-03-30T19:00:00.000Z,""2024-03-30T20:00:00.000Z"",""7147.7"""
"2024-03-30T20:00:00.000Z,""2024-03-30T21:00:00.000Z"",""7147.7"""
"2024-03-30T21:00:00.000Z,""2024-03-30T22:00:00.000Z"",""7147.7"""
